id	rowid	Position	Reference	Variant	Consequence	Symbol	Gene	Feature.type	Feature	Biotype	Amino.acids	Codons	SIFT	PolyPhen	Homoplasmy	Heteroplasmy	Disease	Status	GB.Count	GB.Frequency	Reference.tRNA	Variant.tRNA	SIFT.val	PolyPhen.val	syn_annotation
11944C	36010	11944	T	C	synonymous_variant	MT-ND4	ENSG00000198886	Transcript	ENST00000361381.2	protein_coding	L	ctT/ctC	-	-	-	-	-	-	1555	3	near.Leu.UAG	near.Leu.UAG	NA	NA	Wobble_to_Wobble
12414C	37420	12414	T	C	synonymous_variant	MT-ND5	ENSG00000198786	Transcript	ENST00000361567.2	protein_coding	P	ccT/ccC	-	-	-	-	-	-	726	1.4	near.Pro.UGG	near.Pro.UGG	NA	NA	Wobble_to_Wobble
13500C	40678	13500	T	C	synonymous_variant	MT-ND5	ENSG00000198786	Transcript	ENST00000361567.2	protein_coding	G	ggT/ggC	-	-	-	-	-	-	1087	2.1	near.Gly.UCC	near.Gly.UCC	NA	NA	Wobble_to_Wobble
14364A	43269	14364	G	A	synonymous_variant	MT-ND6	ENSG00000198695	Transcript	ENST00000361681.2	protein_coding	L	Ctg/Ttg	-	-	-	-	-	-	401	0.77	near.Leu.UAG	near.Leu.UAA	NA	NA	Wobble_to_Wobble
14560A	43857	14560	G	A	synonymous_variant	MT-ND6	ENSG00000198695	Transcript	ENST00000361681.2	protein_coding	V	gtC/gtT	-	-	-	-	-	-	1094	2.11	near.Val.UAC	near.Val.UAC	NA	NA	Wobble_to_Wobble
14587G	43939	14587	A	G	synonymous_variant	MT-ND6	ENSG00000198695	Transcript	ENST00000361681.2	protein_coding	G	ggT/ggC	-	-	-	-	-	-	304	0.59	near.Gly.UCC	near.Gly.UCC	NA	NA	Wobble_to_Wobble
15784C	47530	15784	T	C	synonymous_variant	MT-CYB	ENSG00000198727	Transcript	ENST00000361789.2	protein_coding	P	ccT/ccC	-	-	+	-	POAG - potential for association	Reported	1730	3.34	near.Pro.UGG	near.Pro.UGG	NA	NA	Wobble_to_Wobble
4688C	14074	4688	T	C	synonymous_variant	MT-ND2	ENSG00000198763	Transcript	ENST00000361453.3	protein_coding	A	gcT/gcC	-	-	-	-	-	-	385	0.74	near.Ala.UGC	near.Ala.UGC	NA	NA	Wobble_to_Wobble
4823C	14479	4823	T	C	synonymous_variant	MT-ND2	ENSG00000198763	Transcript	ENST00000361453.3	protein_coding	V	gtT/gtC	-	-	-	-	-	-	248	0.48	near.Val.UAC	near.Val.UAC	NA	NA	Wobble_to_Wobble
5108C	15334	5108	T	C	synonymous_variant	MT-ND2	ENSG00000198763	Transcript	ENST00000361453.3	protein_coding	T	acT/acC	-	-	-	-	-	-	693	1.34	near.Thr.UGU	near.Thr.UGU	NA	NA	Wobble_to_Wobble
5492C	16486	5492	T	C	synonymous_variant	MT-ND2	ENSG00000198763	Transcript	ENST00000361453.3	protein_coding	P	ccT/ccC	-	-	-	-	-	-	143	0.28	near.Pro.UGG	near.Pro.UGG	NA	NA	Wobble_to_Wobble
6221C	18677	6221	T	C	synonymous_variant	MT-CO1	ENSG00000198804	Transcript	ENST00000361624.2	protein_coding	P	ccT/ccC	-	-	-	-	-	-	1489	2.87	near.Pro.UGG	near.Pro.UGG	NA	NA	Wobble_to_Wobble
6293C	18893	6293	T	C	synonymous_variant	MT-CO1	ENSG00000198804	Transcript	ENST00000361624.2	protein_coding	P	ccT/ccC	-	-	-	-	-	-	202	0.39	near.Pro.UGG	near.Pro.UGG	NA	NA	Wobble_to_Wobble
6620C	19874	6620	T	C	synonymous_variant	MT-CO1	ENSG00000198804	Transcript	ENST00000361624.2	protein_coding	G	ggT/ggC	-	-	-	-	-	-	617	1.19	near.Gly.UCC	near.Gly.UCC	NA	NA	Wobble_to_Wobble
8473C	25435	8473	T	C	synonymous_variant	MT-ATP8	ENSG00000228253	Transcript	ENST00000361851.1	protein_coding	P	ccT/ccC	-	-	-	-	-	-	535	1.03	near.Pro.UGG	near.Pro.UGG	NA	NA	Wobble_to_Wobble
10373A	31275	10373	G	A	synonymous_variant	MT-ND3	ENSG00000198840	Transcript	ENST00000361227.2	protein_coding	E	gaG/gaA	-	-	-	-	-	-	580	1.12	near.Glu.UUC	*.Glu.UUC	NA	NA	Wobble_to_WCF
10685A	32211	10685	G	A	synonymous_variant	MT-ND4L	ENSG00000212907	Transcript	ENST00000361335.1	protein_coding	A	gcG/gcA	-	-	-	-	-	-	262	0.51	near.Ala.UGC	*.Ala.UGC	NA	NA	Wobble_to_WCF
10915C	32923	10915	T	C	synonymous_variant	MT-ND4	ENSG00000198886	Transcript	ENST00000361381.2	protein_coding	C	tgT/tgC	-	-	-	-	-	-	2149	4.15	near.Cys.GCA	*.Cys.GCA	NA	NA	Wobble_to_WCF
11176A	33705	11176	G	A	synonymous_variant	MT-ND4	ENSG00000198886	Transcript	ENST00000361381.2	protein_coding	Q	caG/caA	-	-	-	-	-	-	894	1.72	near.Gln.UUG	*.Gln.UUG	NA	NA	Wobble_to_WCF
11377A	34308	11377	G	A	synonymous_variant	MT-ND4	ENSG00000198886	Transcript	ENST00000361381.2	protein_coding	K	aaG/aaA	-	-	-	-	-	-	644	1.24	near.Lys.UUU	*.Lys.UUU	NA	NA	Wobble_to_WCF
11440A	34497	11440	G	A	synonymous_variant	MT-ND4	ENSG00000198886	Transcript	ENST00000361381.2	protein_coding	G	ggG/ggA	-	-	-	-	-	-	399	0.77	near.Gly.UCC	*.Gly.UCC	NA	NA	Wobble_to_WCF
11914A	35919	11914	G	A	synonymous_variant	MT-ND4	ENSG00000198886	Transcript	ENST00000361381.2	protein_coding	T	acG/acA	-	-	-	-	-	-	5689	10.97	near.Thr.UGU	*.Thr.UGU	NA	NA	Wobble_to_WCF
12007A	36198	12007	G	A	synonymous_variant	MT-ND4	ENSG00000198886	Transcript	ENST00000361381.2	protein_coding	W	tgG/tgA	-	-	-	-	-	-	3276	6.32	near.Trp.UCA	*.Trp.UCA	NA	NA	Wobble_to_WCF
12372A	37293	12372	G	A	synonymous_variant	MT-ND5	ENSG00000198786	Transcript	ENST00000361567.2	protein_coding	L	ctG/ctA	-	-	+	-	Altered brain pH / sCJD patients	Reported	6984	13.47	near.Leu.UAG	*.Leu.UAG	NA	NA	Wobble_to_WCF
12618A	38031	12618	G	A	synonymous_variant	MT-ND5	ENSG00000198786	Transcript	ENST00000361567.2	protein_coding	L	ttG/ttA	-	-	-	-	-	-	701	1.35	near.Leu.UAA	*.Leu.UAA	NA	NA	Wobble_to_WCF
12630A	38067	12630	G	A	synonymous_variant	MT-ND5	ENSG00000198786	Transcript	ENST00000361567.2	protein_coding	W	tgG/tgA	-	-	-	-	-	-	267	0.52	near.Trp.UCA	*.Trp.UCA	NA	NA	Wobble_to_WCF
12771A	38490	12771	G	A	synonymous_variant	MT-ND5	ENSG00000198786	Transcript	ENST00000361567.2	protein_coding	E	gaG/gaA	-	-	-	-	-	-	584	1.13	near.Glu.UUC	*.Glu.UUC	NA	NA	Wobble_to_WCF
13194A	39759	13194	G	A	synonymous_variant	MT-ND5	ENSG00000198786	Transcript	ENST00000361567.2	protein_coding	L	ctG/ctA	-	-	-	-	-	-	241	0.46	near.Leu.UAG	*.Leu.UAG	NA	NA	Wobble_to_WCF
13368A	40281	13368	G	A	synonymous_variant	MT-ND5	ENSG00000198786	Transcript	ENST00000361567.2	protein_coding	G	ggG/ggA	-	-	-	-	-	-	2542	4.9	near.Gly.UCC	*.Gly.UCC	NA	NA	Wobble_to_WCF
13434G	40480	13434	A	G	synonymous_variant	MT-ND5	ENSG00000198786	Transcript	ENST00000361567.2	protein_coding	M	atA/atG	-	-	-	-	-	-	190	0.37	near.Met.CAU	*.Met.CAU	NA	NA	Wobble_to_WCF
13590A	40947	13590	G	A	synonymous_variant	MT-ND5	ENSG00000198786	Transcript	ENST00000361567.2	protein_coding	L	ctG/ctA	-	-	nr	nr	Possible protective factor for high altitude sickness	Reported	2829	5.46	near.Leu.UAG	*.Leu.UAG	NA	NA	Wobble_to_WCF
14040A	42297	14040	G	A	synonymous_variant	MT-ND5	ENSG00000198786	Transcript	ENST00000361567.2	protein_coding	Q	caG/caA	-	-	-	-	-	-	239	0.46	near.Gln.UUG	*.Gln.UUG	NA	NA	Wobble_to_WCF
15106A	45495	15106	G	A	synonymous_variant	MT-CYB	ENSG00000198727	Transcript	ENST00000361789.2	protein_coding	L	ctG/ctA	-	-	-	-	-	-	150	0.29	near.Leu.UAG	*.Leu.UAG	NA	NA	Wobble_to_WCF
15148A	45621	15148	G	A	synonymous_variant	MT-CYB	ENSG00000198727	Transcript	ENST00000361789.2	protein_coding	P	ccG/ccA	-	-	-	-	-	-	335	0.65	near.Pro.UGG	*.Pro.UGG	NA	NA	Wobble_to_WCF
15172A	45693	15172	G	A	synonymous_variant	MT-CYB	ENSG00000198727	Transcript	ENST00000361789.2	protein_coding	G	ggG/ggA	-	-	-	-	-	-	404	0.78	near.Gly.UCC	*.Gly.UCC	NA	NA	Wobble_to_WCF
15217A	45828	15217	G	A	synonymous_variant	MT-CYB	ENSG00000198727	Transcript	ENST00000361789.2	protein_coding	G	ggG/ggA	-	-	-	-	-	-	508	0.98	near.Gly.UCC	*.Gly.UCC	NA	NA	Wobble_to_WCF
15514C	46720	15514	T	C	synonymous_variant	MT-CYB	ENSG00000198727	Transcript	ENST00000361789.2	protein_coding	Y	taT/taC	-	-	-	-	-	-	341	0.66	near.Tyr.GUA	*.Tyr.GUA	NA	NA	Wobble_to_WCF
15670C	47188	15670	T	C	synonymous_variant	MT-CYB	ENSG00000198727	Transcript	ENST00000361789.2	protein_coding	H	caT/caC	-	-	-	-	-	-	860	1.66	near.His.GUG	*.His.GUG	NA	NA	Wobble_to_WCF
3396C	10189	3396	T	C	synonymous_variant	MT-ND1	ENSG00000198888	Transcript	ENST00000361390.2	protein_coding	Y	taT/taC	-	-	+	-	NSHL / MIDD	Reported / Unclear	403	0.78	near.Tyr.GUA	*.Tyr.GUA	NA	NA	Wobble_to_WCF
3438A	10314	3438	G	A	synonymous_variant	MT-ND1	ENSG00000198888	Transcript	ENST00000361390.2	protein_coding	G	ggG/ggA	-	-	-	-	-	-	710	1.37	near.Gly.UCC	*.Gly.UCC	NA	NA	Wobble_to_WCF
3531A	10593	3531	G	A	synonymous_variant	MT-ND1	ENSG00000198888	Transcript	ENST00000361390.2	protein_coding	P	ccG/ccA	-	-	-	-	-	-	253	0.49	near.Pro.UGG	*.Pro.UGG	NA	NA	Wobble_to_WCF
3591A	10773	3591	G	A	synonymous_variant	MT-ND1	ENSG00000198888	Transcript	ENST00000361390.2	protein_coding	L	ctG/ctA	-	-	-	-	-	-	425	0.82	near.Leu.UAG	*.Leu.UAG	NA	NA	Wobble_to_WCF
3834A	11502	3834	G	A	synonymous_variant	MT-ND1	ENSG00000198888	Transcript	ENST00000361390.2	protein_coding	L	ctG/ctA	-	-	-	-	-	-	487	0.94	near.Leu.UAG	*.Leu.UAG	NA	NA	Wobble_to_WCF
3915A	11745	3915	G	A	synonymous_variant	MT-ND1	ENSG00000198888	Transcript	ENST00000361390.2	protein_coding	G	ggG/ggA	-	-	-	-	-	-	563	1.09	near.Gly.UCC	*.Gly.UCC	NA	NA	Wobble_to_WCF
4655A	13974	4655	G	A	synonymous_variant	MT-ND2	ENSG00000198763	Transcript	ENST00000361453.3	protein_coding	T	acG/acA	-	-	-	-	-	-	356	0.69	near.Thr.UGU	*.Thr.UGU	NA	NA	Wobble_to_WCF
4991A	14982	4991	G	A	synonymous_variant	MT-ND2	ENSG00000198763	Transcript	ENST00000361453.3	protein_coding	Q	caG/caA	-	-	-	-	-	-	262	0.51	near.Gln.UUG	*.Gln.UUG	NA	NA	Wobble_to_WCF
5054A	15171	5054	G	A	synonymous_variant	MT-ND2	ENSG00000198763	Transcript	ENST00000361453.3	protein_coding	P	ccG/ccA	-	-	-	-	-	-	200	0.39	near.Pro.UGG	*.Pro.UGG	NA	NA	Wobble_to_WCF
5147A	15450	5147	G	A	synonymous_variant	MT-ND2	ENSG00000198763	Transcript	ENST00000361453.3	protein_coding	T	acG/acA	-	-	-	-	-	-	2185	4.22	near.Thr.UGU	*.Thr.UGU	NA	NA	Wobble_to_WCF
5231A	15702	5231	G	A	synonymous_variant	MT-ND2	ENSG00000198763	Transcript	ENST00000361453.3	protein_coding	L	ctG/ctA	-	-	-	-	-	-	1158	2.23	near.Leu.UAG	*.Leu.UAG	NA	NA	Wobble_to_WCF
5237A	15720	5237	G	A	synonymous_variant	MT-ND2	ENSG00000198763	Transcript	ENST00000361453.3	protein_coding	P	ccG/ccA	-	-	-	-	-	-	250	0.48	near.Pro.UGG	*.Pro.UGG	NA	NA	Wobble_to_WCF
5471A	16422	5471	G	A	synonymous_variant	MT-ND2	ENSG00000198763	Transcript	ENST00000361453.3	protein_coding	T	acG/acA	-	-	-	-	-	-	639	1.23	near.Thr.UGU	*.Thr.UGU	NA	NA	Wobble_to_WCF
6260A	18793	6260	G	A	synonymous_variant	MT-CO1	ENSG00000198804	Transcript	ENST00000361624.2	protein_coding	E	gaG/gaA	-	-	-	-	-	-	457	0.88	near.Glu.UUC	*.Glu.UUC	NA	NA	Wobble_to_WCF
6962A	20899	6962	G	A	synonymous_variant	MT-CO1	ENSG00000198804	Transcript	ENST00000361624.2	protein_coding	L	ctG/ctA	-	-	+	-	Possible helper variant for 15927A	Reported	1302	2.51	near.Leu.UAG	*.Leu.UAG	NA	NA	Wobble_to_WCF
7337A	22024	7337	G	A	synonymous_variant	MT-CO1	ENSG00000198804	Transcript	ENST00000361624.2	protein_coding	S	tcG/tcA	-	-	-	-	-	-	593	1.14	near.Ser.UGA	*.Ser.UGA	NA	NA	Wobble_to_WCF
7861C	23599	7861	T	C	synonymous_variant	MT-CO2	ENSG00000198712	Transcript	ENST00000361739.1	protein_coding	D	gaT/gaC	-	-	-	-	-	-	281	0.54	near.Asp.GUC	*.Asp.GUC	NA	NA	Wobble_to_WCF
8020A	24075	8020	G	A	synonymous_variant	MT-CO2	ENSG00000198712	Transcript	ENST00000361739.1	protein_coding	P	ccG/ccA	-	-	-	-	-	-	467	0.9	near.Pro.UGG	*.Pro.UGG	NA	NA	Wobble_to_WCF
8251A	24768	8251	G	A	synonymous_variant	MT-CO2	ENSG00000198712	Transcript	ENST00000361739.1	protein_coding	G	ggG/ggA	-	-	-	-	-	-	3106	5.99	near.Gly.UCC	*.Gly.UCC	NA	NA	Wobble_to_WCF
8790A	26523	8790	G	A	synonymous_variant	MT-ATP6	ENSG00000198899	Transcript	ENST00000361899.2	protein_coding	L	ctG/ctA	-	-	-	-	-	-	634	1.22	near.Leu.UAG	*.Leu.UAG	NA	NA	Wobble_to_WCF
8856A	26721	8856	G	A	synonymous_variant	MT-ATP6	ENSG00000198899	Transcript	ENST00000361899.2	protein_coding	A	gcG/gcA	-	-	-	-	-	-	204	0.39	near.Ala.UGC	*.Ala.UGC	NA	NA	Wobble_to_WCF
8865A	26748	8865	G	A	synonymous_variant	MT-ATP6	ENSG00000198899	Transcript	ENST00000361899.2	protein_coding	V	gtG/gtA	-	-	-	-	-	-	179	0.35	near.Val.UAC	*.Val.UAC	NA	NA	Wobble_to_WCF
8994A	27135	8994	G	A	synonymous_variant	MT-ATP6	ENSG00000198899	Transcript	ENST00000361899.2	protein_coding	L	ctG/ctA	-	-	-	-	-	-	882	1.7	near.Leu.UAG	*.Leu.UAG	NA	NA	Wobble_to_WCF
9380A	28296	9380	G	A	synonymous_variant	MT-CO3	ENSG00000198938	Transcript	ENST00000362079.2	protein_coding	W	tgG/tgA	-	-	-	-	-	-	481	0.93	near.Trp.UCA	*.Trp.UCA	NA	NA	Wobble_to_WCF
9554A	28818	9554	G	A	synonymous_variant	MT-CO3	ENSG00000198938	Transcript	ENST00000362079.2	protein_coding	W	tgG/tgA	-	-	-	-	-	-	687	1.33	near.Trp.UCA	*.Trp.UCA	NA	NA	Wobble_to_WCF
9932A	29952	9932	G	A	synonymous_variant	MT-CO3	ENSG00000198938	Transcript	ENST00000362079.2	protein_coding	W	tgG/tgA	-	-	-	-	-	-	295	0.57	near.Trp.UCA	*.Trp.UCA	NA	NA	Wobble_to_WCF
11002G	33184	11002	A	G	synonymous_variant	MT-ND4	ENSG00000198886	Transcript	ENST00000361381.2	protein_coding	Q	caA/caG	-	-	-	-	-	-	587	1.13	*.Gln.UUG	near.Gln.UUG	NA	NA	WCF_to_Wobble
11167G	33679	11167	A	G	synonymous_variant	MT-ND4	ENSG00000198886	Transcript	ENST00000361381.2	protein_coding	W	tgA/tgG	-	-	-	-	-	-	231	0.45	*.Trp.UCA	near.Trp.UCA	NA	NA	WCF_to_Wobble
11314G	34120	11314	A	G	synonymous_variant	MT-ND4	ENSG00000198886	Transcript	ENST00000361381.2	protein_coding	E	gaA/gaG	-	-	-	-	-	-	83	0.16	*.Glu.UUC	near.Glu.UUC	NA	NA	WCF_to_Wobble
12501A	37680	12501	G	A	synonymous_variant	MT-ND5	ENSG00000198786	Transcript	ENST00000361567.2	protein_coding	M	atG/atA	-	-	-	-	-	-	1334	2.57	*.Met.CAU	near.Met.CAU	NA	NA	WCF_to_Wobble
12612G	38014	12612	A	G	synonymous_variant	MT-ND5	ENSG00000198786	Transcript	ENST00000361567.2	protein_coding	V	gtA/gtG	-	-	-	-	-	-	2637	5.09	*.Val.UAC	near.Val.UAC	NA	NA	WCF_to_Wobble
12810G	38608	12810	A	G	synonymous_variant	MT-ND5	ENSG00000198786	Transcript	ENST00000361567.2	protein_coding	W	tgA/tgG	-	-	-	-	-	-	944	1.82	*.Trp.UCA	near.Trp.UCA	NA	NA	WCF_to_Wobble
13359A	40254	13359	G	A	synonymous_variant	MT-ND5	ENSG00000198786	Transcript	ENST00000361567.2	protein_coding	M	atG/atA	-	-	-	-	-	-	247	0.48	*.Met.CAU	near.Met.CAU	NA	NA	WCF_to_Wobble
13827G	41659	13827	A	G	synonymous_variant	MT-ND5	ENSG00000198786	Transcript	ENST00000361567.2	protein_coding	G	ggA/ggG	-	-	-	-	-	-	256	0.49	*.Gly.UCC	near.Gly.UCC	NA	NA	WCF_to_Wobble
14182C	42724	14182	T	C	synonymous_variant	MT-ND6	ENSG00000198695	Transcript	ENST00000361681.2	protein_coding	V	gtA/gtG	-	-	-	-	-	-	1330	2.57	*.Val.UAC	near.Val.UAC	NA	NA	WCF_to_Wobble
14305A	43092	14305	G	A	synonymous_variant	MT-ND6	ENSG00000198695	Transcript	ENST00000361681.2	protein_coding	S	agC/agT	-	-	-	-	-	-	369	0.71	*.Ser.GCU	near.Ser.GCU	NA	NA	WCF_to_Wobble
14323A	43146	14323	G	A	synonymous_variant	MT-ND6	ENSG00000198695	Transcript	ENST00000361681.2	protein_coding	N	aaC/aaT	-	-	-	-	-	-	287	0.55	*.Asn.GUU	near.Asn.GUU	NA	NA	WCF_to_Wobble
14470C	43588	14470	T	C	synonymous_variant	MT-ND6	ENSG00000198695	Transcript	ENST00000361681.2	protein_coding	G	ggA/ggG	-	-	-	-	-	-	899	1.73	*.Gly.UCC	near.Gly.UCC	NA	NA	WCF_to_Wobble
14569A	43884	14569	G	A	synonymous_variant	MT-ND6	ENSG00000198695	Transcript	ENST00000361681.2	protein_coding	S	agC/agT	-	-	-	-	-	-	1350	2.6	*.Ser.GCU	near.Ser.GCU	NA	NA	WCF_to_Wobble
14905A	44892	14905	G	A	synonymous_variant	MT-CYB	ENSG00000198727	Transcript	ENST00000361789.2	protein_coding	M	atG/atA	-	-	-	-	-	-	2703	5.21	*.Met.CAU	near.Met.CAU	NA	NA	WCF_to_Wobble
15244G	45910	15244	A	G	synonymous_variant	MT-CYB	ENSG00000198727	Transcript	ENST00000361789.2	protein_coding	G	ggA/ggG	-	-	-	-	-	-	517	1	*.Gly.UCC	near.Gly.UCC	NA	NA	WCF_to_Wobble
4562G	13696	4562	A	G	synonymous_variant	MT-ND2	ENSG00000198763	Transcript	ENST00000361453.3	protein_coding	V	gtA/gtG	-	-	-	-	-	-	140	0.27	*.Val.UAC	near.Val.UAC	NA	NA	WCF_to_Wobble
6164T	18507	6164	C	T	synonymous_variant	MT-CO1	ENSG00000198804	Transcript	ENST00000361624.2	protein_coding	I	atC/atT	-	-	-	-	-	-	123	0.24	*.Lle.GAU	near.Lle.GAU	NA	NA	WCF_to_Wobble
7424G	22286	7424	A	G	synonymous_variant	MT-CO1	ENSG00000198804	Transcript	ENST00000361624.2	protein_coding	E	gaA/gaG	-	-	-	-	-	-	542	1.05	*.Glu.UUC	near.Glu.UUC	NA	NA	WCF_to_Wobble
9254G	27919	9254	A	G	synonymous_variant	MT-CO3	ENSG00000198938	Transcript	ENST00000362079.2	protein_coding	W	tgA/tgG	-	-	-	-	-	-	428	0.83	*.Trp.UCA	near.Trp.UCA	NA	NA	WCF_to_Wobble
9377G	28288	9377	A	G	synonymous_variant	MT-CO3	ENSG00000198938	Transcript	ENST00000362079.2	protein_coding	W	tgA/tgG	-	-	-	-	-	-	411	0.79	*.Trp.UCA	near.Trp.UCA	NA	NA	WCF_to_Wobble
9545G	28792	9545	A	G	synonymous_variant	MT-CO3	ENSG00000198938	Transcript	ENST00000362079.2	protein_coding	G	ggA/ggG	-	-	-	-	-	-	2395	4.62	*.Gly.UCC	near.Gly.UCC	NA	NA	WCF_to_Wobble
6216C	18662	6216	T	C	synonymous_variant	MT-CO1	ENSG00000198804	Transcript	ENST00000361624.2	protein_coding	L	Tta/Cta	-	-	-	-	-	-	291	0.56	*.Leu.UAA	*.Leu.UAG	NA	NA	WCF_to_WCF
7961C	23899	7961	T	C	synonymous_variant	MT-CO2	ENSG00000198712	Transcript	ENST00000361739.1	protein_coding	L	Tta/Cta	-	-	-	-	-	-	218	0.42	*.Leu.UAA	*.Leu.UAG	NA	NA	WCF_to_WCF
