"Codon"	"AA.abr"	"AA.anticodon"	"AA.mod"	"AA.matchcodon"	"Codon.dna"	"AA.matchbool"	"AA.idx"
"UUU"	"Phe"	"GAA"	NA	"TTC"	"TTT"	"near"	"near.Phe.GAA"
"UUC"	"Phe"	"GAA"	NA	"TTC"	"TTC"	"*"	"*.Phe.GAA"
"UUA"	"Leu"	"UAA"	"tm5"	"TTA"	"TTA"	"*"	"*.Leu.UAA"
"UUG"	"Leu"	"UAA"	"tm5"	"TTA"	"TTG"	"near"	"near.Leu.UAA"
"CUU"	"Leu"	"UAG"	NA	"CTA"	"CTT"	"near"	"near.Leu.UAG"
"CUC"	"Leu"	"UAG"	NA	"CTA"	"CTC"	"near"	"near.Leu.UAG"
"CUA"	"Leu"	"UAG"	NA	"CTA"	"CTA"	"*"	"*.Leu.UAG"
"CUG"	"Leu"	"UAG"	NA	"CTA"	"CTG"	"near"	"near.Leu.UAG"
"AUU"	"Ile"	"GAU"	NA	"ATC"	"ATT"	"near"	"near.Lle.GAU"
"AUC"	"Ile"	"GAU"	NA	"ATC"	"ATC"	"*"	"*.Lle.GAU"
"AUA"	"Met"	"CAU"	"f5"	"ATG"	"ATA"	"near"	"near.Met.CAU"
"AUG"	"Met"	"CAU"	"f5"	"ATG"	"ATG"	"*"	"*.Met.CAU"
"GUU"	"Val"	"UAC"	NA	"GTA"	"GTT"	"near"	"near.Val.UAC"
"GUC"	"Val"	"UAC"	NA	"GTA"	"GTC"	"near"	"near.Val.UAC"
"GUA"	"Val"	"UAC"	NA	"GTA"	"GTA"	"*"	"*.Val.UAC"
"GUG"	"Val"	"UAC"	NA	"GTA"	"GTG"	"near"	"near.Val.UAC"
"UCU"	"Ser"	"UGA"	NA	"TCA"	"TCT"	"near"	"near.Ser.UGA"
"UCC"	"Ser"	"UGA"	NA	"TCA"	"TCC"	"near"	"near.Ser.UGA"
"UCA"	"Ser"	"UGA"	NA	"TCA"	"TCA"	"*"	"*.Ser.UGA"
"UCG"	"Ser"	"UGA"	NA	"TCA"	"TCG"	"near"	"near.Ser.UGA"
"CCU"	"Pro"	"UGG"	NA	"CCA"	"CCT"	"near"	"near.Pro.UGG"
"CCC"	"Pro"	"UGG"	NA	"CCA"	"CCC"	"near"	"near.Pro.UGG"
"CCA"	"Pro"	"UGG"	NA	"CCA"	"CCA"	"*"	"*.Pro.UGG"
"CCG"	"Pro"	"UGG"	NA	"CCA"	"CCG"	"near"	"near.Pro.UGG"
"ACU"	"Thr"	"UGU"	NA	"ACA"	"ACT"	"near"	"near.Thr.UGU"
"ACC"	"Thr"	"UGU"	NA	"ACA"	"ACC"	"near"	"near.Thr.UGU"
"ACA"	"Thr"	"UGU"	NA	"ACA"	"ACA"	"*"	"*.Thr.UGU"
"ACG"	"Thr"	"UGU"	NA	"ACA"	"ACG"	"near"	"near.Thr.UGU"
"GCU"	"Ala"	"UGC"	NA	"GCA"	"GCT"	"near"	"near.Ala.UGC"
"GCC"	"Ala"	"UGC"	NA	"GCA"	"GCC"	"near"	"near.Ala.UGC"
"GCA"	"Ala"	"UGC"	NA	"GCA"	"GCA"	"*"	"*.Ala.UGC"
"GCG"	"Ala"	"UGC"	NA	"GCA"	"GCG"	"near"	"near.Ala.UGC"
"UAU"	"Tyr"	"GUA"	"Q1"	"TAC"	"TAT"	"near"	"near.Tyr.GUA"
"UAC"	"Tyr"	"GUA"	"Q1"	"TAC"	"TAC"	"*"	"*.Tyr.GUA"
"UAA"	"Stop"	"GUA"	"*"	"TAC"	"TAA"	"*"	"*"
"UAG"	"Stop"	"GUA"	"*"	"TAC"	"TAG"	"*"	"*"
"CAU"	"His"	"GUG"	"Q1"	"CAC"	"CAT"	"near"	"near.His.GUG"
"CAC"	"His"	"GUG"	"Q1"	"CAC"	"CAC"	"*"	"*.His.GUG"
"CAA"	"Gln"	"UUG"	"tm5s2"	"CAA"	"CAA"	"*"	"*.Gln.UUG"
"CAG"	"Gln"	"UUG"	"tm5s2"	"CAA"	"CAG"	"near"	"near.Gln.UUG"
"AAU"	"Asn"	"GUU"	"Q1"	"AAC"	"AAT"	"near"	"near.Asn.GUU"
"AAC"	"Asn"	"GUU"	"Q1"	"AAC"	"AAC"	"*"	"*.Asn.GUU"
"AAA"	"Lys"	"UUU"	"tm5s2"	"AAA"	"AAA"	"*"	"*.Lys.UUU"
"AAG"	"Lys"	"UUU"	"tm5s2"	"AAA"	"AAG"	"near"	"near.Lys.UUU"
"GAU"	"Asp"	"GUC"	"Q1"	"GAC"	"GAT"	"near"	"near.Asp.GUC"
"GAC"	"Asp"	"GUC"	"Q1"	"GAC"	"GAC"	"*"	"*.Asp.GUC"
"GAA"	"Glu"	"UUC"	"tm5s2"	"GAA"	"GAA"	"*"	"*.Glu.UUC"
"GAG"	"Glu"	"UUC"	"tm5s2"	"GAA"	"GAG"	"near"	"near.Glu.UUC"
"UGU"	"Cys"	"GCA"	NA	"TGC"	"TGT"	"near"	"near.Cys.GCA"
"UGC"	"Cys"	"GCA"	NA	"TGC"	"TGC"	"*"	"*.Cys.GCA"
"UGA"	"Trp"	"UCA"	"tm5"	"TGA"	"TGA"	"*"	"*.Trp.UCA"
"UGG"	"Trp"	"UCA"	"tm5"	"TGA"	"TGG"	"near"	"near.Trp.UCA"
"CGU"	"Arg"	"UCG"	NA	"CGA"	"CGT"	"near"	"near.Arg.UCG"
"CGC"	"Arg"	"UCG"	NA	"CGA"	"CGC"	"near"	"near.Arg.UCG"
"CGA"	"Arg"	"UCG"	NA	"CGA"	"CGA"	"*"	"*.Arg.UCG"
"CGG"	"Arg"	"UCG"	NA	"CGA"	"CGG"	"near"	"near.Arg.UCG"
"AGU"	"Ser"	"GCU"	NA	"AGC"	"AGT"	"near"	"near.Ser.GCU"
"AGC"	"Ser"	"GCU"	NA	"AGC"	"AGC"	"*"	"*.Ser.GCU"
"GGU"	"Gly"	"UCC"	NA	"GGA"	"GGT"	"near"	"near.Gly.UCC"
"GGC"	"Gly"	"UCC"	NA	"GGA"	"GGC"	"near"	"near.Gly.UCC"
"GGA"	"Gly"	"UCC"	NA	"GGA"	"GGA"	"*"	"*.Gly.UCC"
"GGG"	"Gly"	"UCC"	NA	"GGA"	"GGG"	"near"	"near.Gly.UCC"
"AGA"	"Stop"	"*"	NA	"*"	"AGA"	"AGA"	"*"
"AGG"	"Stop"	"*"	NA	"*"	"AGG"	"AGG"	"*"